1,9,29,9,1,1,2020-05-21 12:09:58,2021-05-13 13:49:11,Business-focused neutral model
2,2,28,7,2,5,2021-10-06 19:57:09,2021-03-11 11:32:37,Stand-alone value-added paradigm
3,7,44,5,3,1,2021-06-01 16:35:04,2021-02-19 07:35:22,Diverse static core
4,40,24,4,4,1,2020-09-28 14:01:54,2021-10-04 04:48:29,Balanced bifurcated algorithm
5,45,26,4,5,5,2020-03-14 12:07:35,2021-10-16 03:08:27,Re-contextualized zero administration capability
6,47,6,7,6,3,2020-06-11 01:09:09,2021-12-25 00:43:20,Exclusive national challenge
7,6,20,4,7,5,2020-11-28 15:48:14,2021-12-04 04:36:42,Face to face uniform functionalities
8,16,20,3,8,3,2020-10-07 06:29:51,2021-05-08 14:39:12,Proactive leading edge portal
9,33,32,10,9,3,2020-03-30 01:17:36,2020-11-10 15:31:24,Organized responsive Graphical User Interface
10,35,3,10,10,4,2020-04-23 09:01:51,2021-11-19 20:45:21,Universal incremental access
11,24,9,7,11,3,2021-08-15 07:24:05,2021-07-17 23:56:35,Intuitive clear-thinking methodology
12,49,2,5,12,2,2020-06-13 23:12:20,2020-11-17 07:23:20,Secured bottom-line internet solution
13,12,31,7,13,1,2020-07-21 20:51:40,2021-07-11 03:12:39,Compatible non-volatile application
14,25,11,5,14,2,2021-06-29 01:35:27,2020-11-30 20:10:28,Self-enabling reciprocal middleware
15,39,2,6,15,3,2020-03-30 00:23:40,2021-07-28 18:08:01,Pre-emptive executive website
16,33,48,5,16,3,2020-06-07 14:13:54,2021-06-21 11:56:10,Networked responsive open architecture
17,48,22,5,17,2,2020-12-11 15:35:03,2021-06-11 05:29:12,Seamless well-modulated policy
18,42,33,5,18,3,2020-12-10 07:18:38,2021-10-12 17:18:04,Self-enabling background internet solution
19,24,44,7,19,4,2021-04-19 22:59:24,2021-04-07 16:42:55,Balanced bi-directional initiative
20,2,36,9,20,1,2021-06-21 10:13:22,2021-07-25 05:54:38,Team-oriented optimal array
21,25,21,1,21,2,2020-06-28 19:45:21,2020-12-11 22:53:40,Monitored system-worthy challenge
22,17,35,8,22,2,2020-05-08 09:16:25,2020-12-04 16:39:17,Expanded reciprocal data-warehouse
23,26,45,1,23,5,2020-02-06 18:17:25,2020-12-23 08:59:44,Re-contextualized disintermediate superstructure
24,22,12,2,24,2,2020-02-03 14:07:58,2021-03-21 08:07:52,Expanded stable installation
25,29,28,6,25,1,2020-12-02 07:18:37,2021-10-27 04:56:35,Organic methodical support
26,13,38,10,26,2,2020-08-10 12:51:34,2021-05-26 04:12:16,Extended stable customer loyalty
27,50,45,2,27,1,2021-06-18 14:29:06,2021-05-19 08:41:18,Horizontal full-range attitude
28,46,32,2,28,2,2021-04-08 22:22:03,2021-07-04 20:46:49,Team-oriented systematic groupware
29,15,30,8,29,4,2020-07-26 23:36:15,2021-01-13 06:01:53,Total explicit artificial intelligence
30,46,4,7,30,5,2020-06-06 01:55:08,2020-12-08 03:44:20,Public-key uniform benchmark
31,35,49,2,31,5,2020-07-30 23:56:35,2021-12-26 18:06:17,Self-enabling 5th generation Graphical User Interface
32,10,16,3,32,2,2021-03-12 00:49:21,2021-09-04 20:23:51,Multi-channelled responsive forecast
33,43,44,10,33,5,2020-01-22 10:25:07,2021-05-23 19:41:52,Mandatory impactful approach
34,11,20,7,34,3,2021-07-17 12:34:28,2021-06-09 06:26:27,Self-enabling homogeneous policy
35,15,29,2,35,4,2021-08-18 04:15:14,2021-03-01 05:28:19,Horizontal real-time intranet
36,41,18,10,36,4,2020-08-12 07:32:36,2021-07-27 19:13:11,Phased heuristic solution
37,18,4,4,37,1,2020-07-23 13:04:26,2021-05-27 07:12:58,Multi-channelled intangible infrastructure
38,20,46,6,38,2,2020-01-08 05:02:12,2020-12-03 01:04:46,Synergized disintermediate installation
39,37,21,9,39,5,2020-08-30 07:27:41,2021-09-18 09:22:47,Configurable foreground project
40,29,27,10,40,2,2020-10-26 07:22:13,2020-12-22 00:08:25,Universal exuding artificial intelligence
41,39,28,3,41,3,2021-03-22 18:43:34,2021-12-16 07:22:21,Centralized context-sensitive software
42,35,11,4,42,3,2021-07-31 07:33:58,2021-10-20 13:27:43,Mandatory asymmetric leverage
43,38,49,6,43,2,2020-01-08 11:53:44,2021-11-17 01:44:10,Object-based attitude-oriented analyzer
44,21,37,7,44,5,2020-10-21 14:12:00,2021-07-29 13:33:11,Programmable local hardware
45,19,27,2,45,5,2021-04-14 21:10:01,2021-12-03 15:40:01,Configurable bi-directional capability
46,50,44,10,46,2,2020-09-01 19:26:38,2021-09-25 08:48:33,Optional dedicated open system
47,1,31,1,47,5,2021-05-03 05:45:57,2021-07-13 03:18:20,Visionary value-added migration
48,29,14,9,48,3,2020-07-02 16:05:20,2021-09-22 08:38:31,Team-oriented user-facing info-mediaries
49,11,17,5,49,4,2020-04-29 09:14:39,2021-10-19 03:06:36,Managed discrete open architecture
50,33,48,5,50,3,2021-03-15 07:27:11,2021-10-27 09:04:44,Organized transitional Graphical User Interface
51,38,13,7,51,4,2021-05-06 00:08:23,2021-08-25 13:51:56,Ergonomic bi-directional function
52,4,2,5,52,3,2020-06-20 04:18:03,2021-06-29 01:34:03,Vision-oriented 5th generation data-warehouse
53,43,28,7,53,4,2020-06-08 21:27:19,2021-01-17 09:24:59,Assimilated upward-trending portal
54,9,37,2,54,3,2020-01-17 12:35:33,2020-12-25 17:02:31,Fully-configurable attitude-oriented task-force
55,10,31,7,55,4,2021-10-04 10:01:50,2020-11-17 18:29:23,Total empowering collaboration
56,8,44,1,56,5,2021-06-03 01:18:51,2020-12-31 16:16:22,Streamlined secondary frame
57,24,18,7,57,3,2021-06-03 10:43:47,2021-07-13 23:55:38,Monitored modular moderator
58,46,11,2,58,2,2020-07-14 18:56:10,2021-11-15 21:31:27,Expanded leading edge customer loyalty
59,44,45,9,59,2,2020-05-10 22:06:40,2021-04-11 07:08:33,Expanded attitude-oriented encoding
60,9,31,2,60,4,2020-01-08 13:33:38,2021-09-08 07:53:42,Focused 24 hour access
61,48,4,3,61,5,2021-08-02 01:24:13,2021-04-26 06:44:53,Synergistic responsive neural-net
62,15,38,9,62,3,2020-12-06 10:35:22,2021-10-08 05:24:54,Public-key 4th generation secured line
63,48,45,5,63,1,2020-10-07 11:21:45,2021-12-05 04:41:20,Stand-alone optimizing support
64,1,13,9,64,5,2021-10-13 15:57:28,2021-10-31 06:49:33,Optional explicit definition
65,43,45,7,65,1,2020-12-19 10:31:38,2021-03-22 16:55:43,Reduced impactful forecast
66,19,25,10,66,5,2020-01-24 21:46:57,2021-05-12 13:13:17,Intuitive user-facing paradigm
67,41,31,5,67,1,2020-02-09 13:03:14,2021-07-21 02:51:56,Monitored didactic array
68,7,41,5,68,2,2020-05-08 04:26:54,2021-06-29 20:01:20,Triple-buffered radical frame
69,1,37,5,69,5,2021-08-30 23:01:08,2021-05-02 20:22:12,Multi-layered 5th generation analyzer
70,44,50,6,70,2,2020-11-07 09:06:35,2021-09-23 02:23:12,Optional eco-centric customer loyalty
71,23,14,1,71,1,2020-02-11 19:31:34,2021-11-07 01:06:00,Devolved well-modulated groupware
72,10,33,3,72,2,2020-07-18 16:15:03,2021-05-20 17:41:50,Up-sized background instruction set
73,14,11,6,73,5,2020-04-05 01:07:20,2021-07-17 05:43:59,Open-architected secondary initiative
74,41,40,6,74,1,2021-01-05 03:22:41,2020-12-03 00:24:39,Adaptive system-worthy analyzer
75,27,12,9,75,3,2020-09-01 21:13:21,2020-11-02 20:07:37,Horizontal responsive methodology
76,24,13,3,76,4,2020-09-02 21:05:00,2021-06-16 09:18:59,Expanded neutral local area network
77,28,48,8,77,5,2020-09-18 12:31:22,2020-11-06 23:16:30,Reverse-engineered exuding portal
78,14,42,6,78,4,2021-06-10 07:12:28,2021-10-25 11:01:56,Multi-layered homogeneous analyzer
79,4,20,3,79,2,2020-08-17 04:59:48,2021-05-25 20:38:09,Self-enabling multimedia process improvement
80,30,32,4,80,1,2020-05-28 23:01:35,2020-12-06 05:39:25,Programmable solution-oriented utilisation
81,17,14,8,81,5,2021-06-09 09:56:43,2021-07-11 12:42:04,Focused background open architecture
82,11,30,10,82,4,2020-11-24 03:11:33,2021-12-20 16:26:14,Down-sized real-time projection
83,34,8,9,83,4,2021-05-03 22:43:00,2021-01-28 18:23:02,Phased upward-trending infrastructure
84,47,43,9,84,1,2020-01-02 21:17:38,2020-12-17 17:54:55,Fundamental attitude-oriented orchestration
85,6,20,4,85,5,2020-11-01 09:39:17,2021-10-31 03:45:56,Automated well-modulated website
86,34,44,5,86,4,2021-08-15 06:51:03,2021-05-06 11:51:31,Horizontal executive pricing structure
87,39,50,1,87,2,2020-07-02 16:25:18,2021-10-30 23:47:50,Synchronised attitude-oriented knowledge base
88,34,41,6,88,1,2020-07-23 15:04:27,2021-02-24 10:18:40,Realigned systemic monitoring
89,35,17,5,89,4,2021-01-19 12:53:43,2021-11-02 03:52:50,Extended global encryption
90,37,25,9,90,3,2021-03-16 14:28:19,2021-02-25 20:35:21,Seamless modular matrix
91,40,50,1,91,4,2021-08-31 22:33:06,2021-12-08 02:50:58,Diverse bottom-line throughput
92,20,40,3,92,2,2020-09-28 02:42:45,2020-11-19 13:39:33,Multi-lateral intangible support
93,15,49,2,93,3,2021-09-15 00:36:25,2021-10-22 07:22:31,Multi-tiered responsive protocol
94,40,14,5,94,1,2021-07-28 02:38:51,2021-11-25 00:23:59,Mandatory transitional productivity
95,33,4,2,95,1,2021-07-09 10:50:56,2021-12-11 04:16:08,Extended coherent alliance
96,1,26,1,96,2,2021-04-06 08:54:19,2021-02-25 03:48:10,Horizontal client-driven installation
97,23,2,7,97,3,2020-01-08 14:13:56,2021-04-09 10:17:13,Centralized systematic hub
98,21,25,7,98,5,2021-05-19 15:24:42,2021-08-16 18:09:07,Monitored tertiary solution
99,43,22,7,99,1,2020-09-30 00:22:29,2021-06-16 18:11:58,De-engineered composite projection
100,8,41,7,100,1,2020-06-22 06:04:14,2021-09-14 21:51:08,Organized systemic productivity
